ad_expo,wom,gender,brand_aw,firstname
7.435588259,yes,female,8.30338637,Ashleigh
8.199393367,yes,female,4.302432835,Nisma
5.351544806,yes,female,2.531898517,Mercedes
9.478326459,yes,female,4.467246724,Miriam Aileen
4.895297761,yes,female,3.814817336,Katherine
9.187402637,yes,female,4.659556722,Young Joo
9.23097233,yes,female,5.81308787,Cheyenne
6.168852895,yes,female,2.136826926,Chelsea
4.910361336,yes,female,5.485160908,Madison
8.453542992,yes,female,5.403505578,Hamdi
8.970439645,yes,female,6.983229365,Ashley
6.995052199,yes,female,5.455225301,Kailee
6.234793559,yes,male,2.67413365,Sean
8.88511312,yes,male,4.676533545,Saeed
7.044227943,yes,male,4.122136651,Masood
7.887273033,yes,male,1.226014054,Tue Yer
1,yes,male,1.159073041,Aamir
7.728127603,yes,male,8.322986754,Usaama
7.23390151,no,female,4.962051433,Joann
10,no,female,5.600976429,Thaamira
4.353878427,no,female,4.9706562,Dezire
8.017724813,no,female,6.336766622,Shebra
4.320661789,no,female,7.602447482,Kitana
7.430364888,no,female,4.749110939,Xhanae
7.488432851,no,female,5.297576504,Andrea
7.464305218,no,female,4.241088366,Mumtaaza
9.998927681,no,female,6.201762199,Darian
7.524267756,no,female,1,Mardiyya
6.67749896,no,female,7.50648161,Chelsea
7.916195445,no,female,6.490578155,Carina
6.130055001,no,female,6.413892346,Emma
7.353483598,no,female,7.293447747,Riley
7.609685131,no,female,6.580840127,Ariana
9.734589342,no,female,7.70440881,Stevie
8.715476744,no,female,7.251554092,Lanae
8.867862568,no,female,4.035497268,Yuna
6.157592977,no,female,4.951569348,Muhjar
8.436672744,no,male,3.188216766,Brian
8.256754776,no,male,1.23779232,Fawwaaz
7.20697237,no,male,5.065356036,Daniel
7.311448471,no,male,3.085767515,Dante
9.571702567,no,male,7.068841685,Laten
7.728179662,no,male,3.179613258,Gilbert
6.875459155,no,male,4.78872641,Maaz
5.981299872,no,male,5.517751796,Saqr
9.694559282,no,male,5.331426918,Cody
9.748542299,no,male,6.404523505,Andrew
4.585778746,no,male,1.604983814,Abdullah
7.851958747,no,male,4.572995837,Luis
8.343617139,no,male,3.25056124,Jaleel
6.985513136,no,male,5.76060707,Todd
5.619160114,no,male,6.231114452,Tecumseh
8.782333478,no,male,4.051741795,Abdus Samad
7.416345464,no,male,4.501934579,Waleed
6.631741275,no,male,7.62976462,Vuthdy
9.308802193,no,male,5.796153885,Donovan
4.5845068940000004,no,male,3.276757763,Jack
9.320247772,no,male,5.312948963,Alexander
7.986634956,no,male,7.1010963,Taylor
9.052153897,no,male,8.66950812,Abdul Baari
8.781517614,no,male,10,Cody
7.024055179,no,male,4.77487223,Alex
